Date,AEP_MW
31/12/04 1:00,13478
31/12/04 2:00,12865
31/12/04 3:00,12577
31/12/04 4:00,12517
31/12/04 5:00,12670
31/12/04 6:00,13038
31/12/04 7:00,13692
31/12/04 8:00,14297
31/12/04 9:00,14719
31/12/04 10:00,14941
31/12/04 11:00,15184
31/12/04 12:00,15009
31/12/04 13:00,14808
31/12/04 14:00,14522
31/12/04 15:00,14349
31/12/04 16:00,14107
31/12/04 17:00,14410
31/12/04 18:00,15174
31/12/04 19:00,15261
31/12/04 20:00,14774
31/12/04 21:00,14363
31/12/04 22:00,14045
31/12/04 23:00,13478
01/01/05 0:00,12892
30/12/04 1:00,14097
30/12/04 2:00,13667
30/12/04 3:00,13451
30/12/04 4:00,13379
30/12/04 5:00,13506
30/12/04 6:00,14121
30/12/04 7:00,15066
30/12/04 8:00,15771
30/12/04 9:00,16047
30/12/04 10:00,16245
30/12/04 11:00,16377
30/12/04 12:00,16138
30/12/04 13:00,15886
30/12/04 14:00,15503
30/12/04 15:00,15206
30/12/04 16:00,15049
30/12/04 17:00,15161
30/12/04 18:00,16085
30/12/04 19:00,16508
30/12/04 20:00,16306
30/12/04 21:00,16223
30/12/04 22:00,15931
30/12/04 23:00,15207
31/12/04 0:00,14316
29/12/04 1:00,15223
29/12/04 2:00,14731
29/12/04 3:00,14503
29/12/04 4:00,14432
29/12/04 5:00,14531
29/12/04 6:00,15087
29/12/04 7:00,16018
29/12/04 8:00,16968
29/12/04 9:00,17149
29/12/04 10:00,17261
29/12/04 11:00,17194
29/12/04 12:00,17011
29/12/04 13:00,16749
29/12/04 14:00,16546
29/12/04 15:00,16403
29/12/04 16:00,16161
29/12/04 17:00,16380
29/12/04 18:00,17330
29/12/04 19:00,17738
29/12/04 20:00,17468
29/12/04 21:00,17093
29/12/04 22:00,16736
29/12/04 23:00,15984
30/12/04 0:00,14900
28/12/04 1:00,17580
28/12/04 2:00,17158
28/12/04 3:00,17002
28/12/04 4:00,16923
28/12/04 5:00,17191
28/12/04 6:00,17908
28/12/04 7:00,18944
28/12/04 8:00,19752
28/12/04 9:00,19882
28/12/04 10:00,19544
28/12/04 11:00,19309
28/12/04 12:00,18756
28/12/04 13:00,18201
28/12/04 14:00,17666
28/12/04 15:00,17203
28/12/04 16:00,16935
28/12/04 17:00,17207
28/12/04 18:00,18349
28/12/04 19:00,18815
28/12/04 20:00,18599
28/12/04 21:00,18480
28/12/04 22:00,18135
28/12/04 23:00,17112
29/12/04 0:00,16047
27/12/04 1:00,16718
27/12/04 2:00,16150
27/12/04 3:00,16090
27/12/04 4:00,16223
27/12/04 5:00,16652
27/12/04 6:00,17317
27/12/04 7:00,18384
27/12/04 8:00,19366
27/12/04 9:00,19772
27/12/04 10:00,19792
27/12/04 11:00,19697
27/12/04 12:00,19193
27/12/04 13:00,18640
27/12/04 14:00,18066
27/12/04 15:00,17692
27/12/04 16:00,17522
27/12/04 17:00,17933
27/12/04 18:00,19353
27/12/04 19:00,20046
27/12/04 20:00,20127
27/12/04 21:00,20049
27/12/04 22:00,19751
27/12/04 23:00,19038
28/12/04 0:00,18133
26/12/04 1:00,15059
26/12/04 2:00,14617
26/12/04 3:00,14452
26/12/04 4:00,14465
26/12/04 5:00,14561
26/12/04 6:00,14862
26/12/04 7:00,15318
26/12/04 8:00,15865
26/12/04 9:00,16421
26/12/04 10:00,16751
26/12/04 11:00,16521
26/12/04 12:00,16047
26/12/04 13:00,15790
26/12/04 14:00,15702
26/12/04 15:00,15488
26/12/04 16:00,15607
26/12/04 17:00,16012
26/12/04 18:00,17243
26/12/04 19:00,17922
26/12/04 20:00,18064
26/12/04 21:00,18086
26/12/04 22:00,17834
26/12/04 23:00,17392
27/12/04 0:00,16842
25/12/04 1:00,16669
25/12/04 2:00,16218
25/12/04 3:00,16135
25/12/04 4:00,16107
25/12/04 5:00,16229
25/12/04 6:00,16470
25/12/04 7:00,16935
25/12/04 8:00,17548
25/12/04 9:00,17927
25/12/04 10:00,17837
25/12/04 11:00,17453
25/12/04 12:00,16891
25/12/04 13:00,15967
25/12/04 14:00,15088
25/12/04 15:00,14564
25/12/04 16:00,14394
25/12/04 17:00,14745
25/12/04 18:00,15856
25/12/04 19:00,16502
25/12/04 20:00,16678
25/12/04 21:00,16842
25/12/04 22:00,16621
25/12/04 23:00,16167
26/12/04 0:00,15676
24/12/04 1:00,15645
24/12/04 2:00,15265
24/12/04 3:00,15138
24/12/04 4:00,15068
24/12/04 5:00,15122
24/12/04 6:00,15441
24/12/04 7:00,15967
24/12/04 8:00,16628
24/12/04 9:00,17122
24/12/04 10:00,17621
24/12/04 11:00,17501
24/12/04 12:00,17122
24/12/04 13:00,16600
24/12/04 14:00,16206
24/12/04 15:00,15844
24/12/04 16:00,15762
24/12/04 17:00,16092
24/12/04 18:00,17048
24/12/04 19:00,17456
24/12/04 20:00,17407
24/12/04 21:00,17474
24/12/04 22:00,17772
24/12/04 23:00,17618
25/12/04 0:00,17147
23/12/04 1:00,15358
23/12/04 2:00,14851
23/12/04 3:00,14441
23/12/04 4:00,14105
23/12/04 5:00,14048
23/12/04 6:00,14394
23/12/04 7:00,15034
23/12/04 8:00,15783
23/12/04 9:00,16231
23/12/04 10:00,16576
23/12/04 11:00,16912
23/12/04 12:00,16991
23/12/04 13:00,16793
23/12/04 14:00,16764
23/12/04 15:00,16643
23/12/04 16:00,16666
23/12/04 17:00,16869
23/12/04 18:00,17916
23/12/04 19:00,18424
23/12/04 20:00,18343
23/12/04 21:00,18340
23/12/04 22:00,18011
23/12/04 23:00,17340
24/12/04 0:00,16383
22/12/04 1:00,15670
22/12/04 2:00,15135
22/12/04 3:00,14997
22/12/04 4:00,14929
22/12/04 5:00,15256
22/12/04 6:00,16174
22/12/04 7:00,17483
22/12/04 8:00,18645
22/12/04 9:00,18866
22/12/04 10:00,18802
22/12/04 11:00,18457
22/12/04 12:00,18021
22/12/04 13:00,17687
22/12/04 14:00,17590
22/12/04 15:00,17471
22/12/04 16:00,17406
22/12/04 17:00,17592
22/12/04 18:00,18668
22/12/04 19:00,19040
22/12/04 20:00,18819
22/12/04 21:00,18483
22/12/04 22:00,18381
22/12/04 23:00,17461
23/12/04 0:00,16353
21/12/04 1:00,18740
21/12/04 2:00,18247
21/12/04 3:00,17906
21/12/04 4:00,17749
21/12/04 5:00,17900
21/12/04 6:00,18590
21/12/04 7:00,19716
21/12/04 8:00,20555
21/12/04 9:00,20218
21/12/04 10:00,19783
21/12/04 11:00,19452
21/12/04 12:00,18866
21/12/04 13:00,18383
21/12/04 14:00,17945
21/12/04 15:00,17591
21/12/04 16:00,17362
21/12/04 17:00,17619
21/12/04 18:00,18664
21/12/04 19:00,19088
21/12/04 20:00,18998
21/12/04 21:00,18773
21/12/04 22:00,18394
21/12/04 23:00,17622
22/12/04 0:00,16484
20/12/04 1:00,19050
20/12/04 2:00,18940
20/12/04 3:00,19015
20/12/04 4:00,19178
20/12/04 5:00,19494
20/12/04 6:00,20392
20/12/04 7:00,21616
20/12/04 8:00,22554
20/12/04 9:00,22577
20/12/04 10:00,22321
20/12/04 11:00,22055
20/12/04 12:00,21388
20/12/04 13:00,21035
20/12/04 14:00,20542
20/12/04 15:00,20362
20/12/04 16:00,20119
20/12/04 17:00,20505
20/12/04 18:00,21373
20/12/04 19:00,22188
20/12/04 20:00,22038
20/12/04 21:00,21752
20/12/04 22:00,21621
20/12/04 23:00,20919
21/12/04 0:00,19554
19/12/04 1:00,14619
19/12/04 2:00,14245
19/12/04 3:00,14082
19/12/04 4:00,14123
19/12/04 5:00,14253
19/12/04 6:00,14437
19/12/04 7:00,15197
19/12/04 8:00,16025
19/12/04 9:00,16742
19/12/04 10:00,17345
19/12/04 11:00,17400
19/12/04 12:00,17291
19/12/04 13:00,17473
19/12/04 14:00,17464
19/12/04 15:00,17461
19/12/04 16:00,17683
19/12/04 17:00,18211
19/12/04 18:00,19749
19/12/04 19:00,20439
19/12/04 20:00,20805
19/12/04 21:00,20840
19/12/04 22:00,20670
19/12/04 23:00,20300
20/12/04 0:00,19719
18/12/04 1:00,16053
18/12/04 2:00,15562
18/12/04 3:00,15439
18/12/04 4:00,15498
18/12/04 5:00,15743
18/12/04 6:00,16126
18/12/04 7:00,16793
18/12/04 8:00,17583
18/12/04 9:00,18108
18/12/04 10:00,18035
18/12/04 11:00,17599
18/12/04 12:00,17022
18/12/04 13:00,16390
18/12/04 14:00,15921
18/12/04 15:00,15619
18/12/04 16:00,15475
18/12/04 17:00,16039
18/12/04 18:00,17080
18/12/04 19:00,17479
18/12/04 20:00,17431
18/12/04 21:00,17458
18/12/04 22:00,17162
18/12/04 23:00,16561
19/12/04 0:00,15645
17/12/04 1:00,15893
17/12/04 2:00,15503
17/12/04 3:00,15315
17/12/04 4:00,15264
17/12/04 5:00,15596
17/12/04 6:00,16544
17/12/04 7:00,18227
17/12/04 8:00,19281
17/12/04 9:00,19052
17/12/04 10:00,18758
17/12/04 11:00,18254
17/12/04 12:00,17654
17/12/04 13:00,17236
17/12/04 14:00,16818
17/12/04 15:00,16450
17/12/04 16:00,16250
17/12/04 17:00,16581
17/12/04 18:00,17953
17/12/04 19:00,18650
17/12/04 20:00,18653
17/12/04 21:00,18645
17/12/04 22:00,18444
17/12/04 23:00,17832
18/12/04 0:00,16906
16/12/04 1:00,17381
16/12/04 2:00,17048
16/12/04 3:00,16862
16/12/04 4:00,16876
16/12/04 5:00,17185
16/12/04 6:00,18127
16/12/04 7:00,19901
16/12/04 8:00,20605
16/12/04 9:00,20312
16/12/04 10:00,19945
16/12/04 11:00,19364
16/12/04 12:00,18559
16/12/04 13:00,17977
16/12/04 14:00,17693
16/12/04 15:00,17396
16/12/04 16:00,17246
16/12/04 17:00,17669
16/12/04 18:00,18921
16/12/04 19:00,19446
16/12/04 20:00,19506
16/12/04 21:00,19477
16/12/04 22:00,19068
16/12/04 23:00,18062
17/12/04 0:00,16826
15/12/04 1:00,17126
15/12/04 2:00,16709
15/12/04 3:00,16618
15/12/04 4:00,16546
15/12/04 5:00,16905
15/12/04 6:00,17889
15/12/04 7:00,19542
15/12/04 8:00,20491
15/12/04 9:00,20295
15/12/04 10:00,19843
15/12/04 11:00,19422
15/12/04 12:00,19050
15/12/04 13:00,18519
15/12/04 14:00,18301
15/12/04 15:00,17748
15/12/04 16:00,17696
15/12/04 17:00,18153
15/12/04 18:00,19645
15/12/04 19:00,20441
15/12/04 20:00,20502
15/12/04 21:00,20486
15/12/04 22:00,20274
15/12/04 23:00,19304
16/12/04 0:00,18139
14/12/04 1:00,16704
14/12/04 2:00,16281
14/12/04 3:00,16064
14/12/04 4:00,16155
14/12/04 5:00,16500
14/12/04 6:00,17338
14/12/04 7:00,18923
14/12/04 8:00,19920
14/12/04 9:00,19679
14/12/04 10:00,19432
14/12/04 11:00,19293
14/12/04 12:00,19182
14/12/04 13:00,19022
14/12/04 14:00,18917
14/12/04 15:00,18750
14/12/04 16:00,18749
14/12/04 17:00,19204
14/12/04 18:00,20431
14/12/04 19:00,20996
14/12/04 20:00,20837
14/12/04 21:00,20689
14/12/04 22:00,20285
14/12/04 23:00,19248
15/12/04 0:00,18021
13/12/04 1:00,14308
13/12/04 2:00,14116
13/12/04 3:00,14021
13/12/04 4:00,14052
13/12/04 5:00,14408
13/12/04 6:00,15501
13/12/04 7:00,17190
13/12/04 8:00,18404
13/12/04 9:00,18474
13/12/04 10:00,18536
13/12/04 11:00,18575
13/12/04 12:00,18493
13/12/04 13:00,18435
13/12/04 14:00,18492
13/12/04 15:00,18438
13/12/04 16:00,18484
13/12/04 17:00,18945
13/12/04 18:00,20103
13/12/04 19:00,20564
13/12/04 20:00,20447
13/12/04 21:00,20311
13/12/04 22:00,19814
13/12/04 23:00,18762
14/12/04 0:00,17504
12/12/04 1:00,14153
12/12/04 2:00,13683
12/12/04 3:00,13427
12/12/04 4:00,13373
12/12/04 5:00,13460
12/12/04 6:00,13704
12/12/04 7:00,14157
12/12/04 8:00,14802
12/12/04 9:00,15422
12/12/04 10:00,15757
12/12/04 11:00,15688
12/12/04 12:00,15728
12/12/04 13:00,15848
12/12/04 14:00,15678
12/12/04 15:00,15388
12/12/04 16:00,15505
12/12/04 17:00,16012
12/12/04 18:00,16918
12/12/04 19:00,17200
12/12/04 20:00,17245
12/12/04 21:00,16986
12/12/04 22:00,16650
12/12/04 23:00,15860
13/12/04 0:00,14939
11/12/04 1:00,13881
11/12/04 2:00,13431
11/12/04 3:00,13099
11/12/04 4:00,13042
11/12/04 5:00,13204
11/12/04 6:00,13629
11/12/04 7:00,14268
11/12/04 8:00,15105
11/12/04 9:00,15708
11/12/04 10:00,16234
11/12/04 11:00,16452
11/12/04 12:00,16327
11/12/04 13:00,16159
11/12/04 14:00,16012
11/12/04 15:00,15889
11/12/04 16:00,15814
11/12/04 17:00,16382
11/12/04 18:00,17323
11/12/04 19:00,17381
11/12/04 20:00,17048
11/12/04 21:00,16902
11/12/04 22:00,16611
11/12/04 23:00,15910
12/12/04 0:00,14948
10/12/04 1:00,13815
10/12/04 2:00,13451
10/12/04 3:00,13122
10/12/04 4:00,13096
10/12/04 5:00,13333
10/12/04 6:00,14167
10/12/04 7:00,15812
10/12/04 8:00,16831
10/12/04 9:00,16861
10/12/04 10:00,16645
10/12/04 11:00,16593
10/12/04 12:00,16493
10/12/04 13:00,16361
10/12/04 14:00,16226
10/12/04 15:00,16044
10/12/04 16:00,15886
10/12/04 17:00,16221
10/12/04 18:00,17147
10/12/04 19:00,17256
10/12/04 20:00,17051
10/12/04 21:00,16840
10/12/04 22:00,16587
10/12/04 23:00,15789
11/12/04 0:00,14772
09/12/04 1:00,14507
09/12/04 2:00,14036
09/12/04 3:00,13918
09/12/04 4:00,13839
09/12/04 5:00,14140
09/12/04 6:00,14968
09/12/04 7:00,16659
09/12/04 8:00,17512
09/12/04 9:00,17473
09/12/04 10:00,17338
09/12/04 11:00,17417
09/12/04 12:00,17334
09/12/04 13:00,17280
09/12/04 14:00,17233
09/12/04 15:00,17047
09/12/04 16:00,17037
09/12/04 17:00,17392
09/12/04 18:00,18054
09/12/04 19:00,18180
09/12/04 20:00,17854
09/12/04 21:00,17699
09/12/04 22:00,17106
09/12/04 23:00,16127
10/12/04 0:00,14876
08/12/04 1:00,13277
08/12/04 2:00,12886
08/12/04 3:00,12670
08/12/04 4:00,12680
08/12/04 5:00,12980
08/12/04 6:00,13932
08/12/04 7:00,15795
08/12/04 8:00,16793
08/12/04 9:00,16628
08/12/04 10:00,16538
08/12/04 11:00,16466
08/12/04 12:00,16169
08/12/04 13:00,15988
08/12/04 14:00,15800
08/12/04 15:00,15568
08/12/04 16:00,15505
08/12/04 17:00,15918
08/12/04 18:00,17343
08/12/04 19:00,17776
08/12/04 20:00,17822
08/12/04 21:00,17875
08/12/04 22:00,17503
08/12/04 23:00,16477
09/12/04 0:00,15259
07/12/04 1:00,13562
07/12/04 2:00,13150
07/12/04 3:00,12930
07/12/04 4:00,12823
07/12/04 5:00,12963
07/12/04 6:00,13915
07/12/04 7:00,15577
07/12/04 8:00,16630
07/12/04 9:00,16554
07/12/04 10:00,16597
07/12/04 11:00,16431
07/12/04 12:00,16223
07/12/04 13:00,16054
07/12/04 14:00,15787
07/12/04 15:00,15538
07/12/04 16:00,15484
07/12/04 17:00,15782
07/12/04 18:00,16935
07/12/04 19:00,17249
07/12/04 20:00,17045
07/12/04 21:00,16958
07/12/04 22:00,16499
07/12/04 23:00,15426
08/12/04 0:00,14223
06/12/04 1:00,13563
06/12/04 2:00,13318
06/12/04 3:00,13204
06/12/04 4:00,13239
06/12/04 5:00,13556
06/12/04 6:00,14605
06/12/04 7:00,16104
06/12/04 8:00,17348
06/12/04 9:00,17211
06/12/04 10:00,17212
06/12/04 11:00,17260
06/12/04 12:00,17153
06/12/04 13:00,16879
06/12/04 14:00,16645
06/12/04 15:00,16432
06/12/04 16:00,16494
06/12/04 17:00,16755
06/12/04 18:00,17682
06/12/04 19:00,17901
06/12/04 20:00,17700
06/12/04 21:00,17382
06/12/04 22:00,16851
06/12/04 23:00,15682
07/12/04 0:00,14402
05/12/04 1:00,13960
05/12/04 2:00,13536
05/12/04 3:00,13430
05/12/04 4:00,13377
05/12/04 5:00,13484
05/12/04 6:00,13797
05/12/04 7:00,14271
05/12/04 8:00,14826
05/12/04 9:00,15369
05/12/04 10:00,15322
05/12/04 11:00,14774
05/12/04 12:00,14296
05/12/04 13:00,14018
05/12/04 14:00,13725
05/12/04 15:00,13488
05/12/04 16:00,13549
05/12/04 17:00,14089
05/12/04 18:00,15557
05/12/04 19:00,16124
05/12/04 20:00,16111
05/12/04 21:00,16216
05/12/04 22:00,15723
05/12/04 23:00,14975
06/12/04 0:00,14180
04/12/04 1:00,15123
04/12/04 2:00,14748
04/12/04 3:00,14662
04/12/04 4:00,14540
04/12/04 5:00,14626
04/12/04 6:00,15196
04/12/04 7:00,15893
04/12/04 8:00,16632
04/12/04 9:00,17069
04/12/04 10:00,16887
04/12/04 11:00,16460
04/12/04 12:00,15850
04/12/04 13:00,15261
04/12/04 14:00,14884
04/12/04 15:00,14602
04/12/04 16:00,14500
04/12/04 17:00,14812
04/12/04 18:00,16172
04/12/04 19:00,16364
04/12/04 20:00,16494
04/12/04 21:00,16418
04/12/04 22:00,16078
04/12/04 23:00,15557
05/12/04 0:00,14662
03/12/04 1:00,15309
03/12/04 2:00,14792
03/12/04 3:00,14581
03/12/04 4:00,14599
03/12/04 5:00,14848
03/12/04 6:00,15751
03/12/04 7:00,17454
03/12/04 8:00,18324
03/12/04 9:00,18082
03/12/04 10:00,17687
03/12/04 11:00,17439
03/12/04 12:00,16952
03/12/04 13:00,16601
03/12/04 14:00,16348
03/12/04 15:00,16038
03/12/04 16:00,15891
03/12/04 17:00,16114
03/12/04 18:00,17334
03/12/04 19:00,17888
03/12/04 20:00,17729
03/12/04 21:00,17782
03/12/04 22:00,17617
03/12/04 23:00,16824
04/12/04 0:00,15864
02/12/04 1:00,15575
02/12/04 2:00,15243
02/12/04 3:00,15087
02/12/04 4:00,15022
02/12/04 5:00,15354
02/12/04 6:00,16227
02/12/04 7:00,18049
02/12/04 8:00,18943
02/12/04 9:00,18728
02/12/04 10:00,18225
02/12/04 11:00,17885
02/12/04 12:00,17258
02/12/04 13:00,16796
02/12/04 14:00,16399
02/12/04 15:00,15969
02/12/04 16:00,15839
02/12/04 17:00,16290
02/12/04 18:00,17567
02/12/04 19:00,18361
02/12/04 20:00,18458
02/12/04 21:00,18338
02/12/04 22:00,18064
02/12/04 23:00,17061
03/12/04 0:00,16047
01/12/04 1:00,14133
01/12/04 2:00,13700
01/12/04 3:00,13396
01/12/04 4:00,13353
01/12/04 5:00,13588
01/12/04 6:00,14460
01/12/04 7:00,16015
01/12/04 8:00,16999
01/12/04 9:00,17017
01/12/04 10:00,17003
01/12/04 11:00,17147
01/12/04 12:00,16914
01/12/04 13:00,16620
01/12/04 14:00,16321
01/12/04 15:00,15997
01/12/04 16:00,15972
01/12/04 17:00,16284
01/12/04 18:00,17657
01/12/04 19:00,18428
01/12/04 20:00,18400
01/12/04 21:00,18384
01/12/04 22:00,18078
01/12/04 23:00,17174
02/12/04 0:00,16165
30/11/04 1:00,14437
30/11/04 2:00,14061
30/11/04 3:00,13843
30/11/04 4:00,13818
30/11/04 5:00,14062
30/11/04 6:00,14942
30/11/04 7:00,16480
30/11/04 8:00,17314
30/11/04 9:00,17206
30/11/04 10:00,17120
30/11/04 11:00,17065
30/11/04 12:00,16863
30/11/04 13:00,16814
30/11/04 14:00,16749
30/11/04 15:00,16616
30/11/04 16:00,16787
30/11/04 17:00,17233
30/11/04 18:00,18123
30/11/04 19:00,18388
30/11/04 20:00,18189
30/11/04 21:00,17797
30/11/04 22:00,17247
30/11/04 23:00,16103
01/12/04 0:00,14902
29/11/04 1:00,14484
29/11/04 2:00,14185
29/11/04 3:00,14003
29/11/04 4:00,14075
29/11/04 5:00,14413
29/11/04 6:00,15361
29/11/04 7:00,16980
29/11/04 8:00,17907
29/11/04 9:00,17740
29/11/04 10:00,17617
29/11/04 11:00,17486
29/11/04 12:00,17275
29/11/04 13:00,17079
29/11/04 14:00,16999
29/11/04 15:00,16737
29/11/04 16:00,16660
29/11/04 17:00,16922
29/11/04 18:00,17949
29/11/04 19:00,18246
29/11/04 20:00,18179
29/11/04 21:00,17914
29/11/04 22:00,17355
29/11/04 23:00,16441
30/11/04 0:00,15234
28/11/04 1:00,12678
28/11/04 2:00,12292
28/11/04 3:00,12015
28/11/04 4:00,11934
28/11/04 5:00,12077
28/11/04 6:00,12253
28/11/04 7:00,12690
28/11/04 8:00,13423
28/11/04 9:00,14082
28/11/04 10:00,14509
28/11/04 11:00,14606
28/11/04 12:00,14716
28/11/04 13:00,14567
28/11/04 14:00,14565
28/11/04 15:00,14347
28/11/04 16:00,14318
28/11/04 17:00,14675
28/11/04 18:00,15910
28/11/04 19:00,16406
28/11/04 20:00,16582
28/11/04 21:00,16447
28/11/04 22:00,16162
28/11/04 23:00,15528
29/11/04 0:00,14837
27/11/04 1:00,13163
27/11/04 2:00,12878
27/11/04 3:00,12648
27/11/04 4:00,12607
27/11/04 5:00,12859
27/11/04 6:00,13113
27/11/04 7:00,13717
27/11/04 8:00,14321
27/11/04 9:00,14807
27/11/04 10:00,15000
27/11/04 11:00,14857
27/11/04 12:00,14443
27/11/04 13:00,14237
27/11/04 14:00,13888
27/11/04 15:00,13793
27/11/04 16:00,13907
27/11/04 17:00,14364
27/11/04 18:00,15281
27/11/04 19:00,15417
27/11/04 20:00,15368
27/11/04 21:00,15237
27/11/04 22:00,14906
27/11/04 23:00,14229
28/11/04 0:00,13428
26/11/04 1:00,13332
26/11/04 2:00,13123
26/11/04 3:00,13091
26/11/04 4:00,13156
26/11/04 5:00,13402
26/11/04 6:00,13919
26/11/04 7:00,14563
26/11/04 8:00,15072
26/11/04 9:00,15427
26/11/04 10:00,15493
26/11/04 11:00,15247
26/11/04 12:00,14915
26/11/04 13:00,14691
26/11/04 14:00,14366
26/11/04 15:00,14027
26/11/04 16:00,13989
26/11/04 17:00,14218
26/11/04 18:00,15132
26/11/04 19:00,15465
26/11/04 20:00,15375
26/11/04 21:00,15231
26/11/04 22:00,15008
26/11/04 23:00,14445
27/11/04 0:00,13781
25/11/04 1:00,12244
25/11/04 2:00,11750
25/11/04 3:00,11480
25/11/04 4:00,11438
25/11/04 5:00,11427
25/11/04 6:00,11657
25/11/04 7:00,12183
25/11/04 8:00,12850
25/11/04 9:00,13747
25/11/04 10:00,14652
25/11/04 11:00,15072
25/11/04 12:00,14980
25/11/04 13:00,14262
25/11/04 14:00,13472
25/11/04 15:00,13036
25/11/04 16:00,12847
25/11/04 17:00,12962
25/11/04 18:00,13618
25/11/04 19:00,14104
25/11/04 20:00,14314
25/11/04 21:00,14500
25/11/04 22:00,14583
25/11/04 23:00,14279
26/11/04 0:00,13784
24/11/04 1:00,12829
24/11/04 2:00,12420
24/11/04 3:00,12192
24/11/04 4:00,12146
24/11/04 5:00,12349
24/11/04 6:00,13180
24/11/04 7:00,14564
24/11/04 8:00,15665
24/11/04 9:00,15943
24/11/04 10:00,16226
24/11/04 11:00,16332
24/11/04 12:00,16350
24/11/04 13:00,16202
24/11/04 14:00,16062
24/11/04 15:00,15836
24/11/04 16:00,15663
24/11/04 17:00,15679
24/11/04 18:00,16202
24/11/04 19:00,16360
24/11/04 20:00,16068
24/11/04 21:00,15811
24/11/04 22:00,15325
24/11/04 23:00,14345
25/11/04 0:00,13165
23/11/04 1:00,13158
23/11/04 2:00,12767
23/11/04 3:00,12539
23/11/04 4:00,12462
23/11/04 5:00,12655
23/11/04 6:00,13484
23/11/04 7:00,15037
23/11/04 8:00,15885
23/11/04 9:00,15803
23/11/04 10:00,15860
23/11/04 11:00,15942
23/11/04 12:00,15784
23/11/04 13:00,15615
23/11/04 14:00,15500
23/11/04 15:00,15257
23/11/04 16:00,15161
23/11/04 17:00,15357
23/11/04 18:00,16153
23/11/04 19:00,16388
23/11/04 20:00,16224
23/11/04 21:00,15980
23/11/04 22:00,15497
23/11/04 23:00,14650
24/11/04 0:00,13661
22/11/04 1:00,12645
22/11/04 2:00,12352
22/11/04 3:00,12189
22/11/04 4:00,12212
22/11/04 5:00,12530
22/11/04 6:00,13369
22/11/04 7:00,14984
22/11/04 8:00,15915
22/11/04 9:00,15966
22/11/04 10:00,16017
22/11/04 11:00,16015
22/11/04 12:00,15776
22/11/04 13:00,15676
22/11/04 14:00,15523
22/11/04 15:00,15226
22/11/04 16:00,15140
22/11/04 17:00,15380
22/11/04 18:00,16321
22/11/04 19:00,16726
22/11/04 20:00,16604
22/11/04 21:00,16360
22/11/04 22:00,15855
22/11/04 23:00,14902
23/11/04 0:00,13871
21/11/04 1:00,11839
21/11/04 2:00,11343
21/11/04 3:00,11095
21/11/04 4:00,11053
21/11/04 5:00,10998
21/11/04 6:00,11306
21/11/04 7:00,11666
21/11/04 8:00,12352
21/11/04 9:00,12989
21/11/04 10:00,13427
21/11/04 11:00,13411
21/11/04 12:00,13399
21/11/04 13:00,13409
21/11/04 14:00,13394
21/11/04 15:00,13183
21/11/04 16:00,13186
21/11/04 17:00,13502
21/11/04 18:00,14467
21/11/04 19:00,14931
21/11/04 20:00,14937
21/11/04 21:00,14814
21/11/04 22:00,14490
21/11/04 23:00,13848
22/11/04 0:00,13160
20/11/04 1:00,12409
20/11/04 2:00,11868
20/11/04 3:00,11606
20/11/04 4:00,11585
20/11/04 5:00,11604
20/11/04 6:00,11901
20/11/04 7:00,12397
20/11/04 8:00,13130
20/11/04 9:00,13816
20/11/04 10:00,14252
20/11/04 11:00,14419
20/11/04 12:00,14392
20/11/04 13:00,14137
20/11/04 14:00,13920
20/11/04 15:00,13714
20/11/04 16:00,13581
20/11/04 17:00,13854
20/11/04 18:00,14598
20/11/04 19:00,14640
20/11/04 20:00,14316
20/11/04 21:00,14143
20/11/04 22:00,13759
20/11/04 23:00,13159
21/11/04 0:00,12471
19/11/04 1:00,13089
19/11/04 2:00,12652
19/11/04 3:00,12381
19/11/04 4:00,12318
19/11/04 5:00,12559
19/11/04 6:00,13303
19/11/04 7:00,14939
19/11/04 8:00,15854
19/11/04 9:00,15842
19/11/04 10:00,15958
19/11/04 11:00,15965
19/11/04 12:00,15806
19/11/04 13:00,15712
19/11/04 14:00,15628
19/11/04 15:00,15444
19/11/04 16:00,15192
19/11/04 17:00,15341
19/11/04 18:00,15931
19/11/04 19:00,15856
19/11/04 20:00,15540
19/11/04 21:00,15252
19/11/04 22:00,14898
19/11/04 23:00,14124
20/11/04 0:00,13167
18/11/04 1:00,13181
18/11/04 2:00,12655
18/11/04 3:00,12660
18/11/04 4:00,12555
18/11/04 5:00,12811
18/11/04 6:00,13625
18/11/04 7:00,15270
18/11/04 8:00,16160
18/11/04 9:00,16119
18/11/04 10:00,16052
18/11/04 11:00,16219
18/11/04 12:00,16074
18/11/04 13:00,16003
18/11/04 14:00,15873
18/11/04 15:00,15771
18/11/04 16:00,15650
18/11/04 17:00,15839
18/11/04 18:00,16542
18/11/04 19:00,16822
18/11/04 20:00,16630
18/11/04 21:00,16303
18/11/04 22:00,15802
18/11/04 23:00,14799
19/11/04 0:00,13771
17/11/04 1:00,13547
17/11/04 2:00,13224
17/11/04 3:00,13090
17/11/04 4:00,13047
17/11/04 5:00,13301
17/11/04 6:00,14090
17/11/04 7:00,15790
17/11/04 8:00,16594
17/11/04 9:00,16440
17/11/04 10:00,16345
17/11/04 11:00,16251
17/11/04 12:00,16072
17/11/04 13:00,15924
17/11/04 14:00,15832
17/11/04 15:00,15697
17/11/04 16:00,15714
17/11/04 17:00,16072
17/11/04 18:00,16773
17/11/04 19:00,16899
17/11/04 20:00,16782
17/11/04 21:00,16479
17/11/04 22:00,15967
17/11/04 23:00,14929
18/11/04 0:00,13910
16/11/04 1:00,14221
16/11/04 2:00,13842
16/11/04 3:00,13705
16/11/04 4:00,13668
16/11/04 5:00,13992
16/11/04 6:00,14773
16/11/04 7:00,16390
16/11/04 8:00,17175
16/11/04 9:00,17039
16/11/04 10:00,16959
16/11/04 11:00,16830
16/11/04 12:00,16452
16/11/04 13:00,16347
16/11/04 14:00,16168
16/11/04 15:00,15926
16/11/04 16:00,15732
16/11/04 17:00,16016
16/11/04 18:00,16783
16/11/04 19:00,17161
16/11/04 20:00,16963
16/11/04 21:00,16707
16/11/04 22:00,16130
16/11/04 23:00,15351
17/11/04 0:00,14269
15/11/04 1:00,14126
15/11/04 2:00,14036
15/11/04 3:00,14060
15/11/04 4:00,14252
15/11/04 5:00,14747
15/11/04 6:00,15767
15/11/04 7:00,17495
15/11/04 8:00,18161
15/11/04 9:00,17962
15/11/04 10:00,17580
15/11/04 11:00,17167
15/11/04 12:00,16659
15/11/04 13:00,16276
15/11/04 14:00,15959
15/11/04 15:00,15681
15/11/04 16:00,15497
15/11/04 17:00,15723
15/11/04 18:00,16714
15/11/04 19:00,17269
15/11/04 20:00,17344
15/11/04 21:00,17159
15/11/04 22:00,16677
15/11/04 23:00,15726
16/11/04 0:00,14877
14/11/04 1:00,13754
14/11/04 2:00,13528
14/11/04 3:00,13497
14/11/04 4:00,13572
14/11/04 5:00,13681
14/11/04 6:00,14001
14/11/04 7:00,14490
14/11/04 8:00,15050
14/11/04 9:00,15337
14/11/04 10:00,15186
14/11/04 11:00,14614
14/11/04 12:00,14250
14/11/04 13:00,13986
14/11/04 14:00,13659
14/11/04 15:00,13365
14/11/04 16:00,13241
14/11/04 17:00,13570
14/11/04 18:00,14811
14/11/04 19:00,15629
14/11/04 20:00,15877
14/11/04 21:00,15870
14/11/04 22:00,15649
14/11/04 23:00,14996
15/11/04 0:00,14470
13/11/04 1:00,13655
13/11/04 2:00,13368
13/11/04 3:00,13192
13/11/04 4:00,13118
13/11/04 5:00,13221
13/11/04 6:00,13611
13/11/04 7:00,14192
13/11/04 8:00,14701
13/11/04 9:00,15171
13/11/04 10:00,15406
13/11/04 11:00,15375
13/11/04 12:00,15012
13/11/04 13:00,14598
13/11/04 14:00,14279
13/11/04 15:00,13829
13/11/04 16:00,13780
13/11/04 17:00,14022
13/11/04 18:00,14996
13/11/04 19:00,15634
13/11/04 20:00,15679
13/11/04 21:00,15587
13/11/04 22:00,15399
13/11/04 23:00,14835
14/11/04 0:00,14257
12/11/04 1:00,13823
12/11/04 2:00,13493
12/11/04 3:00,13245
12/11/04 4:00,13201
12/11/04 5:00,13382
12/11/04 6:00,14232
12/11/04 7:00,15727
12/11/04 8:00,16515
12/11/04 9:00,16697
12/11/04 10:00,16765
12/11/04 11:00,16721
12/11/04 12:00,16597
12/11/04 13:00,16468
12/11/04 14:00,16287
12/11/04 15:00,16091
12/11/04 16:00,15888
12/11/04 17:00,15803
12/11/04 18:00,16546
12/11/04 19:00,16877
12/11/04 20:00,16580
12/11/04 21:00,16369
12/11/04 22:00,16227
12/11/04 23:00,15318
13/11/04 0:00,14434
11/11/04 1:00,13727
11/11/04 2:00,13447
11/11/04 3:00,13341
11/11/04 4:00,13330
11/11/04 5:00,13597
11/11/04 6:00,14394
11/11/04 7:00,15955
11/11/04 8:00,16668
11/11/04 9:00,16621
11/11/04 10:00,16606
11/11/04 11:00,16377
11/11/04 12:00,16365
11/11/04 13:00,16224
11/11/04 14:00,16167
11/11/04 15:00,16113
11/11/04 16:00,16134
11/11/04 17:00,16310
11/11/04 18:00,17013
11/11/04 19:00,17321
11/11/04 20:00,17159
11/11/04 21:00,16847
11/11/04 22:00,16369
11/11/04 23:00,15488
12/11/04 0:00,14636
10/11/04 1:00,14753
10/11/04 2:00,14485
10/11/04 3:00,14400
10/11/04 4:00,14454
10/11/04 5:00,14692
10/11/04 6:00,15690
10/11/04 7:00,17290
10/11/04 8:00,17897
10/11/04 9:00,17583
10/11/04 10:00,17252
10/11/04 11:00,16923
10/11/04 12:00,16475
10/11/04 13:00,16221
10/11/04 14:00,16028
10/11/04 15:00,15643
10/11/04 16:00,15517
10/11/04 17:00,15711
10/11/04 18:00,16597
10/11/04 19:00,17045
10/11/04 20:00,16887
10/11/04 21:00,16709
10/11/04 22:00,16153
10/11/04 23:00,15267
11/11/04 0:00,14373
09/11/04 1:00,14629
09/11/04 2:00,14279
09/11/04 3:00,14354
09/11/04 4:00,14340
09/11/04 5:00,14729
09/11/04 6:00,15675
09/11/04 7:00,17263
09/11/04 8:00,18034
09/11/04 9:00,17752
09/11/04 10:00,17332
09/11/04 11:00,17044
09/11/04 12:00,16573
09/11/04 13:00,16365
09/11/04 14:00,16104
09/11/04 15:00,15926
09/11/04 16:00,15639
09/11/04 17:00,15843
09/11/04 18:00,16869
09/11/04 19:00,17629
09/11/04 20:00,17718
09/11/04 21:00,17598
09/11/04 22:00,17190
09/11/04 23:00,16360
10/11/04 0:00,15367
08/11/04 1:00,12306
08/11/04 2:00,12052
08/11/04 3:00,12110
08/11/04 4:00,12202
08/11/04 5:00,12557
08/11/04 6:00,13638
08/11/04 7:00,15465
08/11/04 8:00,16248
08/11/04 9:00,16261
08/11/04 10:00,16199
08/11/04 11:00,16248
08/11/04 12:00,16035
08/11/04 13:00,15818
08/11/04 14:00,15715
08/11/04 15:00,15516
08/11/04 16:00,15287
08/11/04 17:00,15491
08/11/04 18:00,16490
08/11/04 19:00,17380
08/11/04 20:00,17450
08/11/04 21:00,17306
08/11/04 22:00,16945
08/11/04 23:00,16027
09/11/04 0:00,15170
07/11/04 1:00,12252
07/11/04 2:00,11879
07/11/04 3:00,11706
07/11/04 4:00,11707
07/11/04 5:00,11789
07/11/04 6:00,12007
07/11/04 7:00,12452
07/11/04 8:00,12903
07/11/04 9:00,13398
07/11/04 10:00,13408
07/11/04 11:00,13155
07/11/04 12:00,13042
07/11/04 13:00,13009
07/11/04 14:00,12867
07/11/04 15:00,12629
07/11/04 16:00,12620
07/11/04 17:00,12849
07/11/04 18:00,13733
07/11/04 19:00,14397
07/11/04 20:00,14525
07/11/04 21:00,14294
07/11/04 22:00,13901
07/11/04 23:00,13320
08/11/04 0:00,12703
06/11/04 1:00,13503
06/11/04 2:00,13159
06/11/04 3:00,12988
06/11/04 4:00,12987
06/11/04 5:00,13076
06/11/04 6:00,13487
06/11/04 7:00,14160
06/11/04 8:00,14635
06/11/04 9:00,15098
06/11/04 10:00,15074
06/11/04 11:00,14809
06/11/04 12:00,14447
06/11/04 13:00,14083
06/11/04 14:00,13759
06/11/04 15:00,13380
06/11/04 16:00,13214
06/11/04 17:00,13254
06/11/04 18:00,14047
06/11/04 19:00,14579
06/11/04 20:00,14053
06/11/04 21:00,14299
06/11/04 22:00,13974
06/11/04 23:00,13420
07/11/04 0:00,12804
05/11/04 1:00,13305
05/11/04 2:00,12993
05/11/04 3:00,12756
05/11/04 4:00,12824
05/11/04 5:00,13119
05/11/04 6:00,14071
05/11/04 7:00,15761
05/11/04 8:00,16274
05/11/04 9:00,15996
05/11/04 10:00,15962
05/11/04 11:00,15768
05/11/04 12:00,15606
05/11/04 13:00,15519
05/11/04 14:00,15316
05/11/04 15:00,14723
05/11/04 16:00,15201
05/11/04 17:00,14895
05/11/04 18:00,15547
05/11/04 19:00,16177
05/11/04 20:00,16039
05/11/04 21:00,15890
05/11/04 22:00,15669
05/11/04 23:00,14964
06/11/04 0:00,14141
04/11/04 1:00,12892
04/11/04 2:00,12382
04/11/04 3:00,12367
04/11/04 4:00,12357
04/11/04 5:00,12521
04/11/04 6:00,13426
04/11/04 7:00,15050
04/11/04 8:00,15857
04/11/04 9:00,15857
04/11/04 10:00,16055
04/11/04 11:00,16113
04/11/04 12:00,16065
04/11/04 13:00,16000
04/11/04 14:00,15881
04/11/04 15:00,15703
04/11/04 16:00,15664
04/11/04 17:00,15835
04/11/04 18:00,16471
04/11/04 19:00,16796
04/11/04 20:00,16693
04/11/04 21:00,16369
04/11/04 22:00,15890
04/11/04 23:00,14952
05/11/04 0:00,14038
03/11/04 1:00,12529
03/11/04 2:00,12096
03/11/04 3:00,11918
03/11/04 4:00,11887
03/11/04 5:00,12142
03/11/04 6:00,12907
03/11/04 7:00,14509
03/11/04 8:00,15250
03/11/04 9:00,15341
03/11/04 10:00,15672
03/11/04 11:00,15818
03/11/04 12:00,15723
03/11/04 13:00,15698
03/11/04 14:00,15628
03/11/04 15:00,15385
03/11/04 16:00,15254
03/11/04 17:00,15407
03/11/04 18:00,16019
03/11/04 19:00,16574
03/11/04 20:00,16402
03/11/04 21:00,16099
03/11/04 22:00,15616
03/11/04 23:00,14532
04/11/04 0:00,13253
02/11/04 1:00,12494
02/11/04 2:00,11988
02/11/04 3:00,11802
02/11/04 4:00,11803
02/11/04 5:00,11951
02/11/04 6:00,12788
02/11/04 7:00,14132
02/11/04 8:00,14760
02/11/04 9:00,15083
02/11/04 10:00,15266
02/11/04 11:00,15600
02/11/04 12:00,15737
02/11/04 13:00,15904
02/11/04 14:00,15856
02/11/04 15:00,15820
02/11/04 16:00,15689
02/11/04 17:00,15743
02/11/04 18:00,16257
02/11/04 19:00,16627
02/11/04 20:00,16237
02/11/04 21:00,15954
02/11/04 22:00,15173
02/11/04 23:00,14194
03/11/04 0:00,13183
01/11/04 1:00,11730
01/11/04 2:00,11434
01/11/04 3:00,11383
01/11/04 4:00,11372
01/11/04 5:00,11697
01/11/04 6:00,12751
01/11/04 7:00,14513
01/11/04 8:00,15300
01/11/04 9:00,15467
01/11/04 10:00,15630
01/11/04 11:00,15782
01/11/04 12:00,15452
01/11/04 13:00,15344
01/11/04 14:00,15312
01/11/04 15:00,15130
01/11/04 16:00,15032
01/11/04 17:00,15232
01/11/04 18:00,15610
01/11/04 19:00,16072
01/11/04 20:00,15899
01/11/04 21:00,15774
01/11/04 22:00,15439
01/11/04 23:00,14194
02/11/04 0:00,13165
31/10/04 1:00,11433
31/10/04 3:00,10318
31/10/04 4:00,10263
31/10/04 5:00,10296
31/10/04 6:00,10508
31/10/04 7:00,10975
31/10/04 8:00,11548
31/10/04 9:00,12202
31/10/04 10:00,12671
31/10/04 11:00,12770
31/10/04 12:00,12821
31/10/04 13:00,12822
31/10/04 14:00,12902
31/10/04 15:00,12802
31/10/04 16:00,12688
31/10/04 17:00,12830
31/10/04 18:00,13380
31/10/04 19:00,14067
31/10/04 20:00,13930
31/10/04 21:00,13843
31/10/04 22:00,13341
31/10/04 23:00,12831
01/11/04 0:00,12181
30/10/04 1:00,12200
30/10/04 2:00,11676
30/10/04 3:00,11297
30/10/04 4:00,11036
30/10/04 5:00,10996
30/10/04 6:00,11212
30/10/04 7:00,11683
30/10/04 8:00,12416
30/10/04 9:00,13002
30/10/04 10:00,13572
30/10/04 11:00,14004
30/10/04 12:00,14066
30/10/04 13:00,13948
30/10/04 14:00,13763
30/10/04 15:00,13572
30/10/04 16:00,13549
30/10/04 17:00,13577
30/10/04 18:00,13518
30/10/04 19:00,13684
30/10/04 20:00,13978
30/10/04 21:00,13929
30/10/04 22:00,13519
30/10/04 23:00,12902
31/10/04 0:00,12187
29/10/04 1:00,12510
29/10/04 2:00,12022
29/10/04 3:00,11753
29/10/04 4:00,11530
29/10/04 5:00,11744
29/10/04 6:00,12355
29/10/04 7:00,13861
29/10/04 8:00,15040
29/10/04 9:00,15295
29/10/04 10:00,15491
29/10/04 11:00,15539
29/10/04 12:00,15530
29/10/04 13:00,15571
29/10/04 14:00,15507
29/10/04 15:00,15397
29/10/04 16:00,15071
29/10/04 17:00,15134
29/10/04 18:00,14942
29/10/04 19:00,15103
29/10/04 20:00,15460
29/10/04 21:00,15198
29/10/04 22:00,14782
29/10/04 23:00,14057
30/10/04 0:00,13084
28/10/04 1:00,12604
28/10/04 2:00,12127
28/10/04 3:00,11815
28/10/04 4:00,11671
28/10/04 5:00,11868
28/10/04 6:00,12574
28/10/04 7:00,14134
28/10/04 8:00,15213
28/10/04 9:00,15261
28/10/04 10:00,15337
28/10/04 11:00,15399
28/10/04 12:00,15359
28/10/04 13:00,15401
28/10/04 14:00,15364
28/10/04 15:00,15260
28/10/04 16:00,15143
28/10/04 17:00,15028
28/10/04 18:00,14908
28/10/04 19:00,15091
28/10/04 20:00,15637
28/10/04 21:00,15581
28/10/04 22:00,15309
28/10/04 23:00,14353
29/10/04 0:00,13355
27/10/04 1:00,12652
27/10/04 2:00,12211
27/10/04 3:00,11906
27/10/04 4:00,11826
27/10/04 5:00,11979
27/10/04 6:00,12741
27/10/04 7:00,14106
27/10/04 8:00,15258
27/10/04 9:00,15459
27/10/04 10:00,15438
27/10/04 11:00,15506
27/10/04 12:00,15499
27/10/04 13:00,15524
27/10/04 14:00,15441
27/10/04 15:00,15242
27/10/04 16:00,15062
27/10/04 17:00,15063
27/10/04 18:00,15085
27/10/04 19:00,15453
27/10/04 20:00,16008
27/10/04 21:00,15873
27/10/04 22:00,15408
27/10/04 23:00,14452
28/10/04 0:00,13427
26/10/04 1:00,12753
26/10/04 2:00,12287
26/10/04 3:00,12101
26/10/04 4:00,12035
26/10/04 5:00,12351
26/10/04 6:00,13058
26/10/04 7:00,14710
26/10/04 8:00,15936
26/10/04 9:00,15915
26/10/04 10:00,15776
26/10/04 11:00,15715
26/10/04 12:00,15588
26/10/04 13:00,15505
26/10/04 14:00,15510
26/10/04 15:00,15399
26/10/04 16:00,15261
26/10/04 17:00,15148
26/10/04 18:00,15085
26/10/04 19:00,15536
26/10/04 20:00,16222
26/10/04 21:00,16118
26/10/04 22:00,15640
26/10/04 23:00,14621
27/10/04 0:00,13580
25/10/04 1:00,11985
25/10/04 2:00,11730
25/10/04 3:00,11603
25/10/04 4:00,11734
25/10/04 5:00,11902
25/10/04 6:00,12697
25/10/04 7:00,14355
25/10/04 8:00,15533
25/10/04 9:00,15637
25/10/04 10:00,15685
25/10/04 11:00,15731
25/10/04 12:00,15743
25/10/04 13:00,15658
25/10/04 14:00,15660
25/10/04 15:00,15557
25/10/04 16:00,15446
25/10/04 17:00,15430
25/10/04 18:00,15298
25/10/04 19:00,15480
25/10/04 20:00,16187
25/10/04 21:00,15987
25/10/04 22:00,15448
25/10/04 23:00,14439
26/10/04 0:00,13421
24/10/04 1:00,11740
24/10/04 2:00,11209
24/10/04 3:00,10882
24/10/04 4:00,10812
24/10/04 5:00,10789
24/10/04 6:00,10909
24/10/04 7:00,11170
24/10/04 8:00,11727
24/10/04 9:00,12197
24/10/04 10:00,12563
24/10/04 11:00,12849
24/10/04 12:00,13006
24/10/04 13:00,13102
24/10/04 14:00,13075
24/10/04 15:00,12924
24/10/04 16:00,12798
24/10/04 17:00,12820
24/10/04 18:00,13024
24/10/04 19:00,13369
24/10/04 20:00,14244
24/10/04 21:00,14079
24/10/04 22:00,13698
24/10/04 23:00,13155
25/10/04 0:00,12514
23/10/04 1:00,12363
23/10/04 2:00,11960
23/10/04 3:00,11601
23/10/04 4:00,11565
23/10/04 5:00,11600
23/10/04 6:00,11849
23/10/04 7:00,12425
23/10/04 8:00,13119
23/10/04 9:00,13648
23/10/04 10:00,14158
23/10/04 11:00,14369
23/10/04 12:00,14233
23/10/04 13:00,14022
23/10/04 14:00,13939
23/10/04 15:00,13665
23/10/04 16:00,13529
23/10/04 17:00,13585
23/10/04 18:00,13693
23/10/04 19:00,13962
23/10/04 20:00,14344
23/10/04 21:00,14186
23/10/04 22:00,13814
23/10/04 23:00,13226
24/10/04 0:00,12387
22/10/04 1:00,12627
22/10/04 2:00,12233
22/10/04 3:00,11969
22/10/04 4:00,11913
22/10/04 5:00,12151
22/10/04 6:00,12848
22/10/04 7:00,14310
22/10/04 8:00,15556
22/10/04 9:00,15588
22/10/04 10:00,15655
22/10/04 11:00,15639
22/10/04 12:00,15517
22/10/04 13:00,15404
22/10/04 14:00,15269
22/10/04 15:00,15177
22/10/04 16:00,14828
22/10/04 17:00,14695
22/10/04 18:00,14610
22/10/04 19:00,14790
22/10/04 20:00,15311
22/10/04 21:00,15066
22/10/04 22:00,14755
22/10/04 23:00,14110
23/10/04 0:00,13264
21/10/04 1:00,12598
21/10/04 2:00,12148
21/10/04 3:00,11764
21/10/04 4:00,11700
21/10/04 5:00,11823
21/10/04 6:00,12598
21/10/04 7:00,14139
21/10/04 8:00,15348
21/10/04 9:00,15356
21/10/04 10:00,15393
21/10/04 11:00,15485
21/10/04 12:00,15523
21/10/04 13:00,15403
21/10/04 14:00,15388
21/10/04 15:00,15128
21/10/04 16:00,15006
21/10/04 17:00,14943
21/10/04 18:00,14988
21/10/04 19:00,15340
21/10/04 20:00,15921
21/10/04 21:00,15886
21/10/04 22:00,15386
21/10/04 23:00,14437
22/10/04 0:00,13446
20/10/04 1:00,12799
20/10/04 2:00,12321
20/10/04 3:00,12096
20/10/04 4:00,11896
20/10/04 5:00,12017
20/10/04 6:00,12693
20/10/04 7:00,14110
20/10/04 8:00,15276
20/10/04 9:00,15406
20/10/04 10:00,15466
20/10/04 11:00,15482
20/10/04 12:00,15509
20/10/04 13:00,15497
20/10/04 14:00,15475
20/10/04 15:00,15502
20/10/04 16:00,15264
20/10/04 17:00,15265
20/10/04 18:00,15247
20/10/04 19:00,15562
20/10/04 20:00,16076
20/10/04 21:00,15916
20/10/04 22:00,15416
20/10/04 23:00,14511
21/10/04 0:00,13365
19/10/04 1:00,13133
19/10/04 2:00,12687
19/10/04 3:00,12414
19/10/04 4:00,12456
19/10/04 5:00,12469
19/10/04 6:00,13163
19/10/04 7:00,14579
19/10/04 8:00,15658
19/10/04 9:00,15765
19/10/04 10:00,15761
19/10/04 11:00,15897
19/10/04 12:00,15883
19/10/04 13:00,15817
19/10/04 14:00,15855
19/10/04 15:00,15593
19/10/04 16:00,15353
19/10/04 17:00,15425
19/10/04 18:00,15354
19/10/04 19:00,15596
19/10/04 20:00,16161
19/10/04 21:00,16005
19/10/04 22:00,15622
19/10/04 23:00,14685
20/10/04 0:00,13664
18/10/04 1:00,12830
18/10/04 2:00,12584
18/10/04 3:00,12576
18/10/04 4:00,12655
18/10/04 5:00,12942
18/10/04 6:00,13815
18/10/04 7:00,15509
18/10/04 8:00,16596
18/10/04 9:00,16756
18/10/04 10:00,16831
18/10/04 11:00,16794
18/10/04 12:00,16729
18/10/04 13:00,16654
18/10/04 14:00,16589
18/10/04 15:00,16408
18/10/04 16:00,16246
18/10/04 17:00,16279
18/10/04 18:00,16469
18/10/04 19:00,16745
18/10/04 20:00,17003
18/10/04 21:00,16698
18/10/04 22:00,16115
18/10/04 23:00,15152
19/10/04 0:00,14044
17/10/04 1:00,12400
17/10/04 2:00,12098
17/10/04 3:00,11976
17/10/04 4:00,11896
17/10/04 5:00,11938
17/10/04 6:00,12152
17/10/04 7:00,12505
17/10/04 8:00,13089
17/10/04 9:00,13682
17/10/04 10:00,13947
17/10/04 11:00,13747
17/10/04 12:00,13492
17/10/04 13:00,13395
17/10/04 14:00,13124
17/10/04 15:00,12893
17/10/04 16:00,12695
17/10/04 17:00,12691
17/10/04 18:00,12814
17/10/04 19:00,13336
17/10/04 20:00,14425
17/10/04 21:00,14688
17/10/04 22:00,14372
17/10/04 23:00,13900
18/10/04 0:00,13241
16/10/04 1:00,12779
16/10/04 2:00,12271
16/10/04 3:00,12016
16/10/04 4:00,11890
16/10/04 5:00,11895
16/10/04 6:00,12127
16/10/04 7:00,12628
16/10/04 8:00,13377
16/10/04 9:00,14062
16/10/04 10:00,14577
16/10/04 11:00,14755
16/10/04 12:00,14701
16/10/04 13:00,14400
16/10/04 14:00,14155
16/10/04 15:00,14007
16/10/04 16:00,13822
16/10/04 17:00,13739
16/10/04 18:00,13845
16/10/04 19:00,14123
16/10/04 20:00,14793
16/10/04 21:00,14699
16/10/04 22:00,14375
16/10/04 23:00,13855
17/10/04 0:00,13109
15/10/04 1:00,12766
15/10/04 2:00,12159
15/10/04 3:00,11972
15/10/04 4:00,11867
15/10/04 5:00,12021
15/10/04 6:00,12688
15/10/04 7:00,14072
15/10/04 8:00,15169
15/10/04 9:00,15411
15/10/04 10:00,15584
15/10/04 11:00,15750
15/10/04 12:00,15810
15/10/04 13:00,15804
15/10/04 14:00,15718
15/10/04 15:00,15617
15/10/04 16:00,15424
15/10/04 17:00,15337
15/10/04 18:00,15455
15/10/04 19:00,15590
15/10/04 20:00,15848
15/10/04 21:00,15555
15/10/04 22:00,15162
15/10/04 23:00,14538
16/10/04 0:00,13574
14/10/04 1:00,12685
14/10/04 2:00,12203
14/10/04 3:00,11849
14/10/04 4:00,11744
14/10/04 5:00,11976
14/10/04 6:00,12570
14/10/04 7:00,14110
14/10/04 8:00,15291
14/10/04 9:00,15455
14/10/04 10:00,15558
14/10/04 11:00,15572
14/10/04 12:00,15603
14/10/04 13:00,15540
14/10/04 14:00,15562
14/10/04 15:00,15373
14/10/04 16:00,15215
14/10/04 17:00,15147
14/10/04 18:00,15180
14/10/04 19:00,15404
14/10/04 20:00,16129
14/10/04 21:00,15940
14/10/04 22:00,15464
14/10/04 23:00,14544
15/10/04 0:00,13564
13/10/04 1:00,12704
13/10/04 2:00,12261
13/10/04 3:00,11970
13/10/04 4:00,11862
13/10/04 5:00,11918
13/10/04 6:00,12561
13/10/04 7:00,14084
13/10/04 8:00,15137
13/10/04 9:00,15177
13/10/04 10:00,15211
13/10/04 11:00,15410
13/10/04 12:00,15457
13/10/04 13:00,15387
13/10/04 14:00,15540
13/10/04 15:00,15362
13/10/04 16:00,15248
13/10/04 17:00,15267
13/10/04 18:00,15342
13/10/04 19:00,15570
13/10/04 20:00,16136
13/10/04 21:00,15973
13/10/04 22:00,15457
13/10/04 23:00,14407
14/10/04 0:00,13502
12/10/04 1:00,12618
12/10/04 2:00,12277
12/10/04 3:00,12051
12/10/04 4:00,12052
12/10/04 5:00,12239
12/10/04 6:00,13072
12/10/04 7:00,14685
12/10/04 8:00,15784
12/10/04 9:00,15851
12/10/04 10:00,15846
12/10/04 11:00,15730
12/10/04 12:00,15551
12/10/04 13:00,15484
12/10/04 14:00,15481
12/10/04 15:00,15381
12/10/04 16:00,15343
12/10/04 17:00,15231
12/10/04 18:00,15119
12/10/04 19:00,15333
12/10/04 20:00,16068
12/10/04 21:00,16067
12/10/04 22:00,15528
12/10/04 23:00,14565
13/10/04 0:00,13465
11/10/04 1:00,11907
11/10/04 2:00,11614
11/10/04 3:00,11581
11/10/04 4:00,11514
11/10/04 5:00,11761
11/10/04 6:00,12558
11/10/04 7:00,14103
11/10/04 8:00,15277
11/10/04 9:00,15421
11/10/04 10:00,15501
11/10/04 11:00,15609
11/10/04 12:00,15554
11/10/04 13:00,15366
11/10/04 14:00,15365
11/10/04 15:00,15370
11/10/04 16:00,15217
11/10/04 17:00,15133
11/10/04 18:00,15059
11/10/04 19:00,15128
11/10/04 20:00,15995
11/10/04 21:00,15981
11/10/04 22:00,15417
11/10/04 23:00,14417
12/10/04 0:00,13402
10/10/04 1:00,11269
10/10/04 2:00,10782
10/10/04 3:00,10580
10/10/04 4:00,10446
10/10/04 5:00,10426
10/10/04 6:00,10468
10/10/04 7:00,10862
10/10/04 8:00,11250
10/10/04 9:00,11823
10/10/04 10:00,12362
10/10/04 11:00,12682
10/10/04 12:00,12825
10/10/04 13:00,12931
10/10/04 14:00,13015
10/10/04 15:00,12967
10/10/04 16:00,12954
10/10/04 17:00,13031
10/10/04 18:00,13136
10/10/04 19:00,13247
10/10/04 20:00,14066
10/10/04 21:00,14162
10/10/04 22:00,13770
10/10/04 23:00,13099
11/10/04 0:00,12346
09/10/04 1:00,12214
09/10/04 2:00,11597
09/10/04 3:00,11273
09/10/04 4:00,11119
09/10/04 5:00,11064
09/10/04 6:00,11356
09/10/04 7:00,11733
09/10/04 8:00,12495
09/10/04 9:00,13063
09/10/04 10:00,13630
09/10/04 11:00,13840
09/10/04 12:00,13905
09/10/04 13:00,13818
09/10/04 14:00,13753
09/10/04 15:00,13579
09/10/04 16:00,13551
09/10/04 17:00,13509
09/10/04 18:00,13498
09/10/04 19:00,13557
09/10/04 20:00,14122
09/10/04 21:00,14094
09/10/04 22:00,13600
09/10/04 23:00,12956
10/10/04 0:00,12096
08/10/04 1:00,12468
08/10/04 2:00,12046
08/10/04 3:00,11749
08/10/04 4:00,11784
08/10/04 5:00,11919
08/10/04 6:00,12610
08/10/04 7:00,14209
08/10/04 8:00,15239
08/10/04 9:00,15297
08/10/04 10:00,15429
08/10/04 11:00,15545
08/10/04 12:00,15586
08/10/04 13:00,15626
08/10/04 14:00,15703
08/10/04 15:00,15651
08/10/04 16:00,15514
08/10/04 17:00,15369
08/10/04 18:00,15116
08/10/04 19:00,14930
08/10/04 20:00,15315